{"cameraMode":{"drawMode":0,"name":"Shaded","section":"Shading Mode"},"sceneLighting":true,"audioPlay":false,"sceneViewState":{"showFog":true,"showMaterialUpdate":false,"showSkybox":true,"showFlares":true,"showImageEffects":true,"showParticleSystems":true,"showVisualEffectGraphs":true,"m_FxEnabled":true},"in2DMode":false,"pivot":{"x":-4.463108539581299,"y":-0.67384934425354,"z":2.6868324279785158},"rotation":{"x":-0.014641237445175648,"y":0.8667677044868469,"z":-0.49788936972618105,"w":-0.025476569309830667},"size":10.371304512023926,"orthographic":false}