{"cameraMode":{"drawMode":0,"name":"Shaded","section":"Shading Mode"},"sceneLighting":true,"audioPlay":false,"sceneViewState":{"showFog":true,"showMaterialUpdate":false,"showSkybox":true,"showFlares":true,"showImageEffects":true,"showParticleSystems":true,"showVisualEffectGraphs":true,"m_FxEnabled":true},"in2DMode":false,"pivot":{"x":-2.0455939769744875,"y":-0.9999995231628418,"z":-0.8630094528198242},"rotation":{"x":0.0071210614405572418,"y":0.9802365303039551,"z":-0.1945221722126007,"w":0.035905465483665469},"size":3.9085311889648439,"orthographic":false}