{"cameraMode":{"drawMode":0,"name":"Shaded","section":"Shading Mode"},"sceneLighting":false,"audioPlay":false,"sceneViewState":{"showFog":true,"showMaterialUpdate":false,"showSkybox":false,"showFlares":true,"showImageEffects":true,"showParticleSystems":true,"showVisualEffectGraphs":true,"m_FxEnabled":true},"in2DMode":false,"pivot":{"x":-0.01299285888671875,"y":0.4762916564941406,"z":-0.0010536685585975648},"rotation":{"x":-0.12181465327739716,"y":0.8734422922134399,"z":-0.28113630414009097,"w":-0.3784711956977844},"size":1.1530952453613282,"orthographic":false}